{
  "background": [
    24.317852899355003,
    24.187893649934793,
    24.890327796514157,
    21.453242193982636,
    23.580443363943502,
    31.17142515105574,
    21.671401287269845,
    24.758455576801257,
    19.791634302349514,
    17.550140312187633,
    19.029937335278348,
    18.105354472740366,
    27.499091504783532,
    24.34078608455829,
    28.440075268458063,
    28.0787630412341,
    32.408848026302856,
    21.377815771640698,
    24.84310556743463,
    22.613869769494926,
    30.1892545746582,
    30.42011018876591,
    33.99184727221084,
    18.28101654455409,
    32.61778487198664,
    34.10445814559125,
    32.922370647116225,
    26.479405640395733,
    31.587637761878483,
    17.60300521172676
  ],
  "n_bins": 30,
  "observation": [
    31.0,
    29.0,
    28.0,
    28.0,
    30.0,
    36.0,
    25.0,
    27.0,
    22.0,
    24.0,
    22.0,
    22.0,
    35.0,
    28.0,
    38.0,
    34.0,
    37.0,
    30.0,
    33.0,
    28.0,
    36.0,
    33.0,
    41.0,
    25.0,
    38.0,
    43.0,
    42.0,
    29.0,
    39.0,
    27.0
  ],
  "signal": [
    6.295945965192794,
    4.526472000168126,
    3.2777617774843826,
    7.040881813244691,
    6.24770326588471,
    4.634397631542134,
    3.6997867085333125,
    2.458469348782942,
    2.0281943371132414,
    6.616926140306033,
    2.712107841013628,
    4.2885530055028145,
    7.8259245508815996,
    3.7957330572806223,
    9.259941141567595,
    6.138223952625716,
    4.488352653549384,
    8.155224374867744,
    7.831543976926947,
    5.510382801144356,
    5.474516338432848,
    2.9180296239346015,
    6.645686773680925,
    6.6190675427820995,
    4.979912353410197,
    8.458947040177367,
    9.512878227918296,
    2.5099032294265315,
    7.606846803929347,
    9.5472500180274
  ]
}