{
  "background": [
    25.545627131365173,
    27.64920110031256,
    28.785202500278658
  ],
  "n_bins": 3,
  "observation": [
    29.0,
    37.0,
    35.0
  ],
  "signal": [
    3.487970392248763,
    8.869003767682688,
    5.869406505553064
  ]
}